<annotation>
	<folder></folder>
	<filename>c78</filename>
	<path>c78</path>
	<source>
		<database>roboflow.ai</database>
	</source>
	<size>
		<width>765</width>
		<height>512</height>
		<depth>3</depth>
	</size>
	<segmented>0</segmented>
	<object>
		<name>black-knight</name>
		<pose>Unspecified</pose>
		<truncated>0</truncated>
		<difficult>0</difficult>
		<occluded>0</occluded>
		<bndbox>
			<xmin>443</xmin>
			<xmax>483</xmax>
			<ymin>93</ymin>
			<ymax>159</ymax>
		</bndbox>
	</object>
</annotation>
